<?xml version="1.0" encoding="UTF-8"?>
<beans
        xmlns="http://www.springframework.org/schema/beans"
        xmlns:xsi="http://www.w3.org/2001/XMLSchema-instance"
        xmlns:p="http://www.springframework.org/schema/p"
        xsi:schemaLocation="http://www.springframework.org/schema/beans
               http://www.springframework.org/schema/beans/spring-beans-3.0.xsd">

    <bean id="emp1" class="model.Employee">
        <constructor-arg value="10" type="int"></constructor-arg>
    </bean>

    <bean id="emp2" class="model.Employee">
        <constructor-arg value="10"></constructor-arg>
    </bean>

    <bean id="emp3" class="model.Employee">
        <constructor-arg value="10" type="int" ></constructor-arg>
        <constructor-arg value="Sonoo"></constructor-arg>
    </bean>

    <bean id="furniture" class="model.Furniture">
        <property name="name" value="chair"></property>
        <property name="color" value="black"></property>
    </bean>

    <bean id="home" class="model.Home" autowire="byName"></bean>


</beans>